items,hedge,keys,size,p
1,3,3,3,0.995833
2,8,8,16,0.995833
3,6,6,18,0.995833
4,5.25,7,21,0.995833
5,4.8,6,24,0.995833
6,4,6,24,0.995833
7,3.857143,9,27,0.995833
8,3.5,7,28,0.995833
9,3.333333,6,30,0.995833
10,3.2,8,32,0.995833
11,3.181818,5,35,0.995833
12,2.916667,7,35,0.995833
13,2.769231,6,36,0.995833
14,2.571429,6,36,0.995833
15,2.8,6,42,0.995833
16,2.625,6,42,0.995833
17,2.470588,6,42,0.995833
18,2.5,5,45,0.995833
19,2.368421,5,45,0.995833
20,2.4,6,48,0.995833
21,2.285714,6,48,0.995833
22,2.272727,5,50,0.995833
23,2.173913,5,50,0.995833
24,2.25,6,54,0.995833
25,2.2,5,55,0.995833
26,2.115385,5,55,0.995833
27,2.037037,5,55,0.995833
28,2.142857,5,60,0.995833
29,2.068966,5,60,0.995833
30,2,5,60,0.995833
31,2.096774,5,65,0.995833
32,2.03125,5,65,0.995833
33,2.121212,5,70,0.995833
34,2.058824,5,70,0.995833
35,2,5,70,0.995833
36,1.944444,5,70,0.995833
37,2.027027,5,75,0.995833
38,1.973684,5,75,0.995833
39,1.923077,5,75,0.995833
40,1.875,5,75,0.995833
41,1.95122,5,80,0.995833
42,1.904762,5,80,0.995833
43,1.860465,5,80,0.995833
44,1.931818,5,85,0.995833
45,1.888889,5,85,0.995833
46,1.847826,5,85,0.995833
47,1.914894,5,90,0.995833
48,1.875,5,90,0.995833
49,1.836735,5,90,0.995833
50,1.8,5,90,0.995833
51,1.862745,5,95,0.995833
52,1.826923,5,95,0.995833
53,1.811321,4,96,0.995833
54,1.851852,4,100,0.995833
55,1.818182,5,100,0.995833
56,1.785714,4,100,0.995833
57,1.824561,4,104,0.995833
58,1.810345,5,105,0.995833
59,1.779661,5,105,0.995833
60,1.75,5,105,0.995833
61,1.803279,5,110,0.995833
62,1.774194,5,110,0.995833
63,1.746032,5,110,0.995833
64,1.75,4,112,0.995833
65,1.769231,5,115,0.995833
66,1.69697,4,112,0.995833
67,1.731343,4,116,0.995833
68,1.764706,4,120,0.995833
69,1.73913,4,120,0.995833
70,1.657143,4,116,0.995833
71,1.746479,4,124,0.995833
72,1.666667,4,120,0.995833
73,1.643836,4,120,0.995833
74,1.675676,4,124,0.995833
75,1.653333,4,124,0.995833
76,1.684211,4,128,0.995833
77,1.61039,4,124,0.995833
78,1.692308,4,132,0.995833
79,1.620253,4,128,0.995833
80,1.6,4,128,0.995833
81,1.62963,4,132,0.995833
82,1.609756,4,132,0.995833
83,1.638554,4,136,0.995833
84,1.619048,4,136,0.995833
85,1.647059,4,140,0.995833
86,1.581395,4,136,0.995833
87,1.655172,4,144,0.995833
88,1.636364,4,144,0.995833
89,1.617978,4,144,0.995833
90,1.6,4,144,0.995833
91,1.626374,4,148,0.995833
92,1.608696,4,148,0.995833
93,1.591398,4,148,0.995833
94,1.574468,4,148,0.995833
95,1.557895,4,148,0.995833
96,1.583333,4,152,0.995833
97,1.608247,4,156,0.995833
98,1.591837,4,156,0.995833
99,1.575758,4,156,0.995833
100,1.56,4,156,0.995833
101,1.584158,4,160,0.995833
102,1.568627,4,160,0.995833
103,1.592233,4,164,0.995833
104,1.576923,4,164,0.995833
105,1.561905,4,164,0.995833
106,1.584906,4,168,0.995833
107,1.53271,4,164,0.995833
108,1.555556,4,168,0.995833
109,1.541284,4,168,0.995833
110,1.563636,4,172,0.995833
111,1.54955,4,172,0.995833
112,1.535714,4,172,0.995833
113,1.557522,4,176,0.995833
114,1.54386,4,176,0.995833
115,1.565217,4,180,0.995833
116,1.551724,4,180,0.995833
117,1.538462,4,180,0.995833
118,1.559322,4,184,0.995833
119,1.546218,4,184,0.995833
120,1.533333,4,184,0.995833
121,1.520661,4,184,0.995833
122,1.540984,4,188,0.995833
123,1.528455,4,188,0.995833
124,1.548387,4,192,0.995833
125,1.536,4,192,0.995833
126,1.555556,4,196,0.995833
127,1.543307,4,196,0.995833
128,1.53125,4,196,0.995833
129,1.51938,4,196,0.995833
130,1.507692,4,196,0.995833
131,1.526718,4,200,0.995833
132,1.515152,4,200,0.995833
133,1.503759,4,200,0.995833
134,1.522388,4,204,0.995833
135,1.511111,4,204,0.995833
136,1.529412,4,208,0.995833
137,1.518248,4,208,0.995833
138,1.507246,4,208,0.995833
139,1.52518,4,212,0.995833
140,1.514286,4,212,0.995833
141,1.503546,4,212,0.995833
142,1.492958,4,212,0.995833
143,1.51049,4,216,0.995833
144,1.5,4,216,0.995833
145,1.517241,4,220,0.995833
146,1.506849,4,220,0.995833
147,1.52381,4,224,0.995833
148,1.513514,4,224,0.995833
149,1.503356,4,224,0.995833
150,1.493333,4,224,0.995833
151,1.483444,4,224,0.995833
152,1.5,4,228,0.995833
153,1.490196,4,228,0.995833
154,1.506494,4,232,0.995833
155,1.496774,4,232,0.995833
156,1.487179,4,232,0.995833
157,1.503185,4,236,0.995833
158,1.493671,4,236,0.995833
159,1.484277,4,236,0.995833
160,1.475,4,236,0.995833
161,1.490683,4,240,0.995833
162,1.506173,4,244,0.995833
163,1.496933,4,244,0.995833
164,1.487805,4,244,0.995833
165,1.50303,4,248,0.995833
166,1.493976,4,248,0.995833
167,1.48503,4,248,0.995833
168,1.47619,4,248,0.995833
169,1.491124,4,252,0.995833
170,1.482353,4,252,0.995833
171,1.473684,4,252,0.995833
172,1.488372,4,256,0.995833
173,1.479769,4,256,0.995833
174,1.471264,4,256,0.995833
175,1.485714,4,260,0.995833
176,1.477273,4,260,0.995833
177,1.468927,4,260,0.995833
178,1.483146,4,264,0.995833
179,1.47486,4,264,0.995833
180,1.488889,4,268,0.995833
181,1.480663,4,268,0.995833
182,1.472527,4,268,0.995833
183,1.464481,4,268,0.995833
184,1.478261,4,272,0.995833
185,1.47027,4,272,0.995833
186,1.462366,4,272,0.995833
187,1.475936,4,276,0.995833
188,1.468085,4,276,0.995833
189,1.481481,4,280,0.995833
190,1.473684,4,280,0.995833
191,1.465969,4,280,0.995833
192,1.479167,4,284,0.995833
193,1.471503,4,284,0.995833
194,1.463918,4,284,0.995833
195,1.45641,4,284,0.995833
196,1.469388,4,288,0.995833
197,1.461929,4,288,0.995833
198,1.474747,4,292,0.995833
199,1.467337,4,292,0.995833
200,1.46,4,292,0.995833
201,1.472637,4,296,0.995833
202,1.465347,4,296,0.995833
203,1.458128,4,296,0.995833
204,1.470588,4,300,0.995833
205,1.463415,4,300,0.995833
206,1.456311,4,300,0.995833
207,1.468599,4,304,0.995833
208,1.461538,4,304,0.995833
209,1.473684,4,308,0.995833
210,1.466667,4,308,0.995833
211,1.459716,4,308,0.995833
212,1.45283,4,308,0.995833
213,1.464789,4,312,0.995833
214,1.457944,4,312,0.995833
215,1.451163,4,312,0.995833
216,1.462963,4,316,0.995833
217,1.456221,4,316,0.995833
218,1.46789,4,320,0.995833
219,1.461187,4,320,0.995833
220,1.454545,4,320,0.995833
221,1.447964,4,320,0.995833
222,1.441441,4,320,0.995833
223,1.452915,4,324,0.995833
224,1.446429,4,324,0.995833
225,1.457778,4,328,0.995833
226,1.451327,4,328,0.995833
227,1.444934,4,328,0.995833
228,1.45614,4,332,0.995833
229,1.449782,4,332,0.995833
230,1.46087,4,336,0.995833
231,1.454545,4,336,0.995833
232,1.448276,4,336,0.995833
233,1.459227,4,340,0.995833
234,1.452991,4,340,0.995833
235,1.446809,4,340,0.995833
236,1.440678,4,340,0.995833
237,1.451477,4,344,0.995833
238,1.445378,4,344,0.995833
239,1.456067,4,348,0.995833
240,1.45,4,348,0.995833
241,1.443983,4,348,0.995833
242,1.438017,4,348,0.995833
243,1.44856,4,352,0.995833
244,1.442623,4,352,0.995833
245,1.453061,4,356,0.995833
246,1.447154,4,356,0.995833
247,1.441296,4,356,0.995833
248,1.435484,4,356,0.995833
249,1.445783,4,360,0.995833
250,1.44,4,360,0.995833
251,1.434263,4,360,0.995833
252,1.444444,4,364,0.995833
253,1.438735,4,364,0.995833
254,1.433071,4,364,0.995833
255,1.443137,4,368,0.995833
256,1.4375,4,368,0.995833
257,1.431907,4,368,0.995833
258,1.44186,4,372,0.995833
259,1.436293,4,372,0.995833
260,1.430769,4,372,0.995833
261,1.440613,4,376,0.995833
262,1.435115,4,376,0.995833
263,1.444867,4,380,0.995833
264,1.439394,4,380,0.995833
265,1.433962,4,380,0.995833
266,1.443609,4,384,0.995833
267,1.438202,4,384,0.995833
268,1.432836,4,384,0.995833
269,1.427509,4,384,0.995833
270,1.437037,4,388,0.995833
271,1.431734,4,388,0.995833
272,1.441176,4,392,0.995833
273,1.435897,4,392,0.995833
274,1.430657,4,392,0.995833
275,1.425455,4,392,0.995833
276,1.434783,4,396,0.995833
277,1.429603,4,396,0.995833
278,1.438849,4,400,0.995833
279,1.433692,4,400,0.995833
280,1.428571,4,400,0.995833
281,1.437722,4,404,0.995833
282,1.432624,4,404,0.995833
283,1.427562,4,404,0.995833
284,1.422535,4,404,0.995833
285,1.431579,4,408,0.995833
286,1.440559,4,412,0.995833
287,1.43554,4,412,0.995833
288,1.430556,4,412,0.995833
289,1.425606,4,412,0.995833
290,1.42069,4,412,0.995833
291,1.429553,4,416,0.995833
292,1.424658,4,416,0.995833
293,1.433447,4,420,0.995833
294,1.428571,4,420,0.995833
295,1.423729,4,420,0.995833
296,1.432432,4,424,0.995833
297,1.427609,4,424,0.995833
298,1.422819,4,424,0.995833
299,1.431438,4,428,0.995833
300,1.426667,4,428,0.995833
301,1.421927,4,428,0.995833
302,1.430464,4,432,0.995833
303,1.425743,4,432,0.995833
304,1.421053,4,432,0.995833
305,1.429508,4,436,0.995833
306,1.424837,4,436,0.995833
307,1.433225,4,440,0.995833
308,1.428571,4,440,0.995833
309,1.423948,4,440,0.995833
310,1.432258,4,444,0.995833
311,1.427653,4,444,0.995833
312,1.423077,4,444,0.995833
313,1.43131,4,448,0.995833
314,1.426752,4,448,0.995833
315,1.422222,4,448,0.995833
316,1.417722,4,448,0.995833
317,1.425868,4,452,0.995833
318,1.421384,4,452,0.995833
319,1.416928,4,452,0.995833
320,1.425,4,456,0.995833
321,1.420561,4,456,0.995833
322,1.428571,4,460,0.995833
323,1.424149,4,460,0.995833
324,1.419753,4,460,0.995833
325,1.427692,4,464,0.995833
326,1.423313,4,464,0.995833
327,1.41896,4,464,0.995833
328,1.414634,4,464,0.995833
329,1.422492,4,468,0.995833
330,1.418182,4,468,0.995833
331,1.413897,4,468,0.995833
332,1.421687,4,472,0.995833
333,1.417417,4,472,0.995833
334,1.413174,4,472,0.995833
335,1.420896,4,476,0.995833
336,1.416667,4,476,0.995833
337,1.412463,4,476,0.995833
338,1.420118,4,480,0.995833
339,1.415929,4,480,0.995833
340,1.411765,4,480,0.995833
341,1.419355,4,484,0.995833
342,1.415205,4,484,0.995833
343,1.422741,4,488,0.995833
344,1.418605,4,488,0.995833
345,1.414493,4,488,0.995833
346,1.410405,4,488,0.995833
347,1.417867,4,492,0.995833
348,1.413793,4,492,0.995833
349,1.421203,4,496,0.995833
350,1.417143,4,496,0.995833
351,1.413105,4,496,0.995833
352,1.420455,4,500,0.995833
353,1.416431,4,500,0.995833
354,1.412429,4,500,0.995833
355,1.408451,4,500,0.995833
356,1.41573,4,504,0.995833
357,1.411765,4,504,0.995833
358,1.407821,4,504,0.995833
359,1.415042,4,508,0.995833
360,1.411111,4,508,0.995833
361,1.407202,4,508,0.995833
362,1.414365,4,512,0.995833
363,1.410468,4,512,0.995833
364,1.417582,4,516,0.995833
365,1.413699,4,516,0.995833
366,1.409836,4,516,0.995833
367,1.416894,4,520,0.995833
368,1.413043,4,520,0.995833
369,1.409214,4,520,0.995833
370,1.405405,4,520,0.995833
371,1.412399,4,524,0.995833
372,1.408602,4,524,0.995833
373,1.41555,4,528,0.995833
374,1.411765,4,528,0.995833
375,1.408,4,528,0.995833
376,1.414894,4,532,0.995833
377,1.411141,4,532,0.995833
378,1.407407,4,532,0.995833
379,1.403694,4,532,0.995833
380,1.410526,4,536,0.995833
381,1.406824,4,536,0.995833
382,1.413613,4,540,0.995833
383,1.409922,4,540,0.995833
384,1.40625,4,540,0.995833
385,1.402597,4,540,0.995833
386,1.409326,4,544,0.995833
387,1.405685,4,544,0.995833
388,1.402062,4,544,0.995833
389,1.40874,4,548,0.995833
390,1.405128,4,548,0.995833
391,1.411765,4,552,0.995833
392,1.408163,4,552,0.995833
393,1.40458,4,552,0.995833
394,1.411168,4,556,0.995833
395,1.407595,4,556,0.995833
396,1.40404,4,556,0.995833
397,1.410579,4,560,0.995833
398,1.407035,4,560,0.995833
399,1.403509,4,560,0.995833
400,1.41,4,564,0.995833
401,1.406484,4,564,0.995833
402,1.412935,4,568,0.995833
403,1.399504,4,564,0.995833
404,1.405941,4,568,0.995833
405,1.402469,4,568,0.995833
406,1.408867,4,572,0.995833
407,1.405405,4,572,0.995833
408,1.401961,4,572,0.995833
409,1.408313,4,576,0.995833
410,1.404878,4,576,0.995833
411,1.40146,4,576,0.995833
412,1.407767,4,580,0.995833
413,1.404358,4,580,0.995833
414,1.400966,4,580,0.995833
415,1.407229,4,584,0.995833
416,1.403846,4,584,0.995833
417,1.40048,4,584,0.995833
418,1.406699,4,588,0.995833
419,1.403341,4,588,0.995833
420,1.4,4,588,0.995833
421,1.406176,4,592,0.995833
422,1.393365,4,588,0.995833
423,1.399527,4,592,0.995833
424,1.40566,4,596,0.995833
425,1.402353,4,596,0.995833
426,1.399061,4,596,0.995833
427,1.395785,4,596,0.995833
428,1.401869,4,600,0.995833
429,1.398601,4,600,0.995833
430,1.404651,4,604,0.995833
431,1.401392,4,604,0.995833
432,1.398148,4,604,0.995833
433,1.394919,4,604,0.995833
434,1.400922,4,608,0.995833
435,1.397701,4,608,0.995833
436,1.40367,4,612,0.995833
437,1.400458,4,612,0.995833
438,1.39726,4,612,0.995833
439,1.403189,4,616,0.995833
440,1.4,4,616,0.995833
441,1.396825,4,616,0.995833
442,1.393665,4,616,0.995833
443,1.399549,4,620,0.995833
444,1.396396,4,620,0.995833
445,1.402247,4,624,0.995833
446,1.399103,4,624,0.995833
447,1.395973,4,624,0.995833
448,1.401786,4,628,0.995833
449,1.398664,4,628,0.995833
450,1.404444,4,632,0.995833
451,1.40133,4,632,0.995833
452,1.39823,4,632,0.995833
453,1.395143,4,632,0.995833
454,1.400881,4,636,0.995833
455,1.397802,4,636,0.995833
456,1.394737,4,636,0.995833
457,1.400438,4,640,0.995833
458,1.39738,4,640,0.995833
459,1.394336,4,640,0.995833
460,1.4,4,644,0.995833
461,1.396963,4,644,0.995833
462,1.393939,4,644,0.995833
463,1.390929,4,644,0.995833
464,1.396552,4,648,0.995833
465,1.393548,4,648,0.995833
466,1.399142,4,652,0.995833
467,1.396146,4,652,0.995833
468,1.393162,4,652,0.995833
469,1.398721,4,656,0.995833
470,1.404255,4,660,0.995833
471,1.392781,4,656,0.995833
472,1.398305,4,660,0.995833
473,1.395349,4,660,0.995833
474,1.400844,4,664,0.995833
475,1.389474,4,660,0.995833
476,1.394958,4,664,0.995833
477,1.392034,4,664,0.995833
478,1.39749,4,668,0.995833
479,1.394572,4,668,0.995833
480,1.391667,4,668,0.995833
481,1.397089,4,672,0.995833
482,1.394191,4,672,0.995833
483,1.399586,4,676,0.995833
484,1.396694,4,676,0.995833
485,1.393814,4,676,0.995833
486,1.390947,4,676,0.995833
487,1.38809,4,676,0.995833
488,1.393443,4,680,0.995833
489,1.390593,4,680,0.995833
490,1.395918,4,684,0.995833
491,1.393075,4,684,0.995833
492,1.390244,4,684,0.995833
493,1.395538,4,688,0.995833
494,1.392713,4,688,0.995833
495,1.389899,4,688,0.995833
496,1.395161,4,692,0.995833
497,1.392354,4,692,0.995833
498,1.39759,4,696,0.995833
499,1.39479,4,696,0.995833
500,1.392,4,696,0.995833
501,1.389222,4,696,0.995833
502,1.394422,4,700,0.995833
503,1.39165,4,700,0.995833
504,1.388889,4,700,0.995833
505,1.386139,4,700,0.995833
506,1.391304,4,704,0.995833
507,1.38856,4,704,0.995833
508,1.393701,4,708,0.995833
509,1.390963,4,708,0.995833
510,1.388235,4,708,0.995833
511,1.393346,4,712,0.995833
512,1.390625,4,712,0.995833
513,1.387914,4,712,0.995833
514,1.392996,4,716,0.995833
515,1.390291,4,716,0.995833
516,1.387597,4,716,0.995833
517,1.39265,4,720,0.995833
518,1.389961,4,720,0.995833
519,1.39499,4,724,0.995833
520,1.392308,4,724,0.995833
521,1.389635,4,724,0.995833
522,1.386973,4,724,0.995833
523,1.391969,4,728,0.995833
524,1.389313,4,728,0.995833
525,1.394286,4,732,0.995833
526,1.391635,4,732,0.995833
527,1.388994,4,732,0.995833
528,1.386364,4,732,0.995833
529,1.391304,4,736,0.995833
530,1.388679,4,736,0.995833
531,1.386064,4,736,0.995833
532,1.383459,4,736,0.995833
533,1.388368,4,740,0.995833
534,1.393258,4,744,0.995833
535,1.390654,4,744,0.995833
536,1.38806,4,744,0.995833
537,1.385475,4,744,0.995833
538,1.390335,4,748,0.995833
539,1.387755,4,748,0.995833
540,1.3851850000000001,4,748,0.995833
541,1.390018,4,752,0.995833
542,1.387454,4,752,0.995833
543,1.384899,4,752,0.995833
544,1.389706,4,756,0.995833
545,1.387156,4,756,0.995833
546,1.384615,4,756,0.995833
547,1.389397,4,760,0.995833
548,1.386861,4,760,0.995833
549,1.391621,4,764,0.995833
550,1.381818,4,760,0.995833
551,1.38657,4,764,0.995833
552,1.384058,4,764,0.995833
553,1.381555,4,764,0.995833
554,1.386282,4,768,0.995833
555,1.383784,4,768,0.995833
556,1.388489,4,772,0.995833
557,1.385996,4,772,0.995833
558,1.390681,4,776,0.995833
559,1.388193,4,776,0.995833
560,1.385714,4,776,0.995833
561,1.383244,4,776,0.995833
562,1.3879,4,780,0.995833
563,1.385435,4,780,0.995833
564,1.382979,4,780,0.995833
565,1.387611,4,784,0.995833
566,1.385159,4,784,0.995833
567,1.382716,4,784,0.995833
568,1.380282,4,784,0.995833
569,1.384886,4,788,0.995833
570,1.382456,4,788,0.995833
571,1.38704,4,792,0.995833
572,1.384615,4,792,0.995833
573,1.382199,4,792,0.995833
574,1.38676,4,796,0.995833
575,1.384348,4,796,0.995833
576,1.381944,4,796,0.995833
577,1.379549,4,796,0.995833
578,1.384083,4,800,0.995833
579,1.381693,4,800,0.995833
580,1.386207,4,804,0.995833
581,1.383821,4,804,0.995833
582,1.388316,4,808,0.995833
583,1.385935,4,808,0.995833
584,1.383562,4,808,0.995833
585,1.388034,4,812,0.995833
586,1.385666,4,812,0.995833
587,1.383305,4,812,0.995833
588,1.380952,4,812,0.995833
589,1.385399,4,816,0.995833
590,1.376271,4,812,0.995833
591,1.380711,4,816,0.995833
592,1.378378,4,816,0.995833
593,1.382799,4,820,0.995833
594,1.380471,4,820,0.995833
595,1.384874,4,824,0.995833
596,1.38255,4,824,0.995833
597,1.386935,4,828,0.995833
598,1.384615,4,828,0.995833
599,1.382304,4,828,0.995833
600,1.38,4,828,0.995833
601,1.384359,4,832,0.995833
602,1.38206,4,832,0.995833
603,1.379768,4,832,0.995833
604,1.384106,4,836,0.995833
605,1.381818,4,836,0.995833
606,1.379538,4,836,0.995833
607,1.383855,4,840,0.995833
608,1.381579,4,840,0.995833
609,1.37931,4,840,0.995833
610,1.383607,4,844,0.995833
611,1.381342,4,844,0.995833
612,1.379085,4,844,0.995833
613,1.383361,4,848,0.995833
614,1.381107,4,848,0.995833
615,1.385366,4,852,0.995833
616,1.383117,4,852,0.995833
617,1.380875,4,852,0.995833
618,1.385113,4,856,0.995833
619,1.382876,4,856,0.995833
620,1.380645,4,856,0.995833
621,1.378422,4,856,0.995833
622,1.382637,4,860,0.995833
623,1.380417,4,860,0.995833
624,1.378205,4,860,0.995833
625,1.3824,4,864,0.995833
626,1.380192,4,864,0.995833
627,1.37799,4,864,0.995833
628,1.375796,4,864,0.995833
629,1.379968,4,868,0.995833
630,1.384127,4,872,0.995833
631,1.381933,4,872,0.995833
632,1.379747,4,872,0.995833
633,1.377567,4,872,0.995833
634,1.381703,4,876,0.995833
635,1.379528,4,876,0.995833
636,1.377358,4,876,0.995833
637,1.381476,4,880,0.995833
638,1.37931,4,880,0.995833
639,1.377152,4,880,0.995833
640,1.375,4,880,0.995833
641,1.379095,4,884,0.995833
642,1.376947,4,884,0.995833
643,1.381026,4,888,0.995833
644,1.378882,4,888,0.995833
645,1.376744,4,888,0.995833
646,1.380805,4,892,0.995833
647,1.378671,4,892,0.995833
648,1.376543,4,892,0.995833
649,1.380586,4,896,0.995833
650,1.378462,4,896,0.995833
651,1.382488,4,900,0.995833
652,1.374233,4,896,0.995833
653,1.378254,4,900,0.995833
654,1.376147,4,900,0.995833
655,1.380153,4,904,0.995833
656,1.378049,4,904,0.995833
657,1.38204,4,908,0.995833
658,1.379939,4,908,0.995833
659,1.377845,4,908,0.995833
660,1.375758,4,908,0.995833
661,1.379728,4,912,0.995833
662,1.377644,4,912,0.995833
663,1.375566,4,912,0.995833
664,1.373494,4,912,0.995833
665,1.377444,4,916,0.995833
666,1.375375,4,916,0.995833
667,1.37931,4,920,0.995833
668,1.377246,4,920,0.995833
669,1.375187,4,920,0.995833
670,1.379104,4,924,0.995833
671,1.377049,4,924,0.995833
672,1.375,4,924,0.995833
673,1.372957,4,924,0.995833
674,1.376855,4,928,0.995833
675,1.374815,4,928,0.995833
676,1.378698,4,932,0.995833
677,1.376662,4,932,0.995833
678,1.374631,4,932,0.995833
679,1.378498,4,936,0.995833
680,1.376471,4,936,0.995833
681,1.374449,4,936,0.995833
682,1.372434,4,936,0.995833
683,1.376281,4,940,0.995833
684,1.374269,4,940,0.995833
685,1.378102,4,944,0.995833
686,1.376093,4,944,0.995833
687,1.37409,4,944,0.995833
688,1.377907,4,948,0.995833
689,1.375907,4,948,0.995833
690,1.373913,4,948,0.995833
691,1.371925,4,948,0.995833
692,1.375723,4,952,0.995833
693,1.373737,4,952,0.995833
694,1.377522,4,956,0.995833
695,1.37554,4,956,0.995833
696,1.373563,4,956,0.995833
697,1.377331,4,960,0.995833
698,1.375358,4,960,0.995833
699,1.379113,4,964,0.995833
700,1.377143,4,964,0.995833
701,1.375178,4,964,0.995833
702,1.373219,4,964,0.995833
703,1.376956,4,968,0.995833
704,1.375,4,968,0.995833
705,1.37305,4,968,0.995833
706,1.376771,4,972,0.995833
707,1.374823,4,972,0.995833
708,1.372881,4,972,0.995833
709,1.376587,4,976,0.995833
710,1.374648,4,976,0.995833
711,1.372714,4,976,0.995833
712,1.376404,4,980,0.995833
713,1.374474,4,980,0.995833
714,1.372549,4,980,0.995833
715,1.370629,4,980,0.995833
716,1.374302,4,984,0.995833
717,1.372385,4,984,0.995833
718,1.376045,4,988,0.995833
719,1.374131,4,988,0.995833
720,1.372222,4,988,0.995833
721,1.370319,4,988,0.995833
722,1.373961,4,992,0.995833
723,1.377593,4,996,0.995833
724,1.375691,4,996,0.995833
725,1.373793,4,996,0.995833
726,1.371901,4,996,0.995833
727,1.370014,4,996,0.995833
728,1.373626,4,1000,0.995833
729,1.371742,4,1000,0.995833
730,1.375342,4,1004,0.995833
731,1.373461,4,1004,0.995833
732,1.371585,4,1004,0.995833
733,1.369714,4,1004,0.995833
734,1.373297,4,1008,0.995833
735,1.371429,4,1008,0.995833
736,1.375,4,1012,0.995833
737,1.373134,4,1012,0.995833
738,1.371274,4,1012,0.995833
739,1.374831,4,1016,0.995833
740,1.372973,4,1016,0.995833
741,1.37112,4,1016,0.995833
742,1.374663,4,1020,0.995833
743,1.372813,4,1020,0.995833
744,1.370968,4,1020,0.995833
745,1.369128,4,1020,0.995833
746,1.372654,4,1024,0.995833
747,1.370817,4,1024,0.995833
748,1.368984,4,1024,0.995833
749,1.372497,4,1028,0.995833
750,1.370667,4,1028,0.995833
751,1.374168,4,1032,0.995833
752,1.37234,4,1032,0.995833
753,1.370518,4,1032,0.995833
754,1.374005,4,1036,0.995833
755,1.372185,4,1036,0.995833
756,1.37037,4,1036,0.995833
757,1.373844,4,1040,0.995833
758,1.372032,4,1040,0.995833
759,1.370224,4,1040,0.995833
760,1.368421,4,1040,0.995833
761,1.371879,4,1044,0.995833
762,1.375328,4,1048,0.995833
763,1.368283,4,1044,0.995833
764,1.371728,4,1048,0.995833
765,1.369935,4,1048,0.995833
766,1.373368,4,1052,0.995833
767,1.371578,4,1052,0.995833
768,1.369792,4,1052,0.995833
769,1.373212,4,1056,0.995833
770,1.371429,4,1056,0.995833
771,1.36965,4,1056,0.995833
772,1.367876,4,1056,0.995833
773,1.371281,4,1060,0.995833
774,1.369509,4,1060,0.995833
775,1.372903,4,1064,0.995833
776,1.371134,4,1064,0.995833
777,1.369369,4,1064,0.995833
778,1.372751,4,1068,0.995833
779,1.370988,4,1068,0.995833
780,1.369231,4,1068,0.995833
781,1.372599,4,1072,0.995833
782,1.370844,4,1072,0.995833
783,1.369093,4,1072,0.995833
784,1.367347,4,1072,0.995833
785,1.370701,4,1076,0.995833
786,1.374046,4,1080,0.995833
787,1.367217,4,1076,0.995833
788,1.370558,4,1080,0.995833
789,1.368821,4,1080,0.995833
790,1.372152,4,1084,0.995833
791,1.370417,4,1084,0.995833
792,1.368687,4,1084,0.995833
793,1.372005,4,1088,0.995833
794,1.370277,4,1088,0.995833
795,1.368553,4,1088,0.995833
796,1.371859,4,1092,0.995833
797,1.370138,4,1092,0.995833
798,1.368421,4,1092,0.995833
799,1.371715,4,1096,0.995833
800,1.37,4,1096,0.995833
801,1.36829,4,1096,0.995833
802,1.366584,4,1096,0.995833
803,1.364882,4,1096,0.995833
804,1.368159,4,1100,0.995833
805,1.36646,4,1100,0.995833
806,1.369727,4,1104,0.995833
807,1.36803,4,1104,0.995833
808,1.371287,4,1108,0.995833
809,1.364648,4,1104,0.995833
810,1.367901,4,1108,0.995833
811,1.371147,4,1112,0.995833
812,1.369458,4,1112,0.995833
813,1.367774,4,1112,0.995833
814,1.371007,4,1116,0.995833
815,1.369325,4,1116,0.995833
816,1.362745,4,1112,0.995833
817,1.365973,4,1116,0.995833
818,1.369193,4,1120,0.995833
819,1.367521,4,1120,0.995833
820,1.370732,4,1124,0.995833
821,1.369062,4,1124,0.995833
822,1.367397,4,1124,0.995833
823,1.365735,4,1124,0.995833
824,1.368932,4,1128,0.995833
825,1.367273,4,1128,0.995833
826,1.37046,4,1132,0.995833
827,1.368803,4,1132,0.995833
828,1.36715,4,1132,0.995833
829,1.370326,4,1136,0.995833
830,1.363855,4,1132,0.995833
831,1.367028,4,1136,0.995833
832,1.365385,4,1136,0.995833
833,1.368547,4,1140,0.995833
834,1.366906,4,1140,0.995833
835,1.37006,4,1144,0.995833
836,1.368421,4,1144,0.995833
837,1.371565,4,1148,0.995833
838,1.365155,4,1144,0.995833
839,1.363528,4,1144,0.995833
840,1.366667,4,1148,0.995833
841,1.365042,4,1148,0.995833
842,1.368171,4,1152,0.995833
843,1.366548,4,1152,0.995833
844,1.364929,4,1152,0.995833
845,1.368047,4,1156,0.995833
846,1.36643,4,1156,0.995833
847,1.36954,4,1160,0.995833
848,1.367925,4,1160,0.995833
849,1.3663130000000001,4,1160,0.995833
850,1.364706,4,1160,0.995833
851,1.367803,4,1164,0.995833
852,1.366197,4,1164,0.995833
853,1.369285,4,1168,0.995833
854,1.367681,4,1168,0.995833
855,1.366082,4,1168,0.995833
856,1.369159,4,1172,0.995833
857,1.367561,4,1172,0.995833
858,1.365967,4,1172,0.995833
859,1.364377,4,1172,0.995833
860,1.367442,4,1176,0.995833
861,1.365854,4,1176,0.995833
862,1.36891,4,1180,0.995833
863,1.367323,4,1180,0.995833
864,1.365741,4,1180,0.995833
865,1.364162,4,1180,0.995833
866,1.367206,4,1184,0.995833
867,1.365629,4,1184,0.995833
868,1.364055,4,1184,0.995833
869,1.367089,4,1188,0.995833
870,1.365517,4,1188,0.995833
871,1.363949,4,1188,0.995833
872,1.366972,4,1192,0.995833
873,1.365407,4,1192,0.995833
874,1.368421,4,1196,0.995833
875,1.362286,4,1192,0.995833
876,1.365297,4,1196,0.995833
877,1.36374,4,1196,0.995833
878,1.366743,4,1200,0.995833
879,1.365188,4,1200,0.995833
880,1.363636,4,1200,0.995833
881,1.362089,4,1200,0.995833
882,1.369615,4,1208,0.995833
883,1.363533,4,1204,0.995833
884,1.366516,4,1208,0.995833
885,1.364972,4,1208,0.995833
886,1.363431,4,1208,0.995833
887,1.366404,4,1212,0.995833
888,1.364865,4,1212,0.995833
889,1.367829,4,1216,0.995833
890,1.366292,4,1216,0.995833
891,1.364759,4,1216,0.995833
892,1.363229,4,1216,0.995833
893,1.361702,4,1216,0.995833
894,1.364653,4,1220,0.995833
895,1.363128,4,1220,0.995833
896,1.366071,4,1224,0.995833
897,1.364548,4,1224,0.995833
898,1.363029,4,1224,0.995833
899,1.361513,4,1224,0.995833
900,1.364444,4,1228,0.995833
901,1.36293,4,1228,0.995833
902,1.361419,4,1228,0.995833
903,1.364341,4,1232,0.995833
904,1.362832,4,1232,0.995833
905,1.365746,4,1236,0.995833
906,1.364238,4,1236,0.995833
907,1.362734,4,1236,0.995833
908,1.365639,4,1240,0.995833
909,1.364136,4,1240,0.995833
910,1.362637,4,1240,0.995833
911,1.365532,4,1244,0.995833
912,1.364035,4,1244,0.995833
913,1.366922,4,1248,0.995833
914,1.365427,4,1248,0.995833
915,1.363934,4,1248,0.995833
916,1.362445,4,1248,0.995833
917,1.365322,4,1252,0.995833
918,1.363834,4,1252,0.995833
919,1.36235,4,1252,0.995833
920,1.365217,4,1256,0.995833
921,1.363735,4,1256,0.995833
922,1.366594,4,1260,0.995833
923,1.36078,4,1256,0.995833
924,1.363636,4,1260,0.995833
925,1.362162,4,1260,0.995833
926,1.360691,4,1260,0.995833
927,1.363538,4,1264,0.995833
928,1.362069,4,1264,0.995833
929,1.364909,4,1268,0.995833
930,1.363441,4,1268,0.995833
931,1.361976,4,1268,0.995833
932,1.360515,4,1268,0.995833
933,1.363344,4,1272,0.995833
934,1.366167,4,1276,0.995833
935,1.360428,4,1272,0.995833
936,1.363248,4,1276,0.995833
937,1.366062,4,1280,0.995833
938,1.364606,4,1280,0.995833
939,1.363152,4,1280,0.995833
940,1.361702,4,1280,0.995833
941,1.364506,4,1284,0.995833
942,1.363057,4,1284,0.995833
943,1.361612,4,1284,0.995833
944,1.360169,4,1284,0.995833
945,1.362963,4,1288,0.995833
946,1.361522,4,1288,0.995833
947,1.364308,4,1292,0.995833
948,1.362869,4,1292,0.995833
949,1.361433,4,1292,0.995833
950,1.36,4,1292,0.995833
951,1.362776,4,1296,0.995833
952,1.361345,4,1296,0.995833
953,1.364113,4,1300,0.995833
954,1.362683,4,1300,0.995833
955,1.365445,4,1304,0.995833
956,1.359833,4,1300,0.995833
957,1.362591,4,1304,0.995833
958,1.361169,4,1304,0.995833
959,1.35975,4,1304,0.995833
960,1.3625,4,1308,0.995833
961,1.361082,4,1308,0.995833
962,1.359667,4,1308,0.995833
963,1.362409,4,1312,0.995833
964,1.365145,4,1316,0.995833
965,1.363731,4,1316,0.995833
966,1.362319,4,1316,0.995833
967,1.36091,4,1316,0.995833
968,1.363636,4,1320,0.995833
969,1.362229,4,1320,0.995833
970,1.360825,4,1320,0.995833
971,1.359423,4,1320,0.995833
972,1.36214,4,1324,0.995833
973,1.364851,4,1328,0.995833
974,1.36345,4,1328,0.995833
975,1.362051,4,1328,0.995833
976,1.360656,4,1328,0.995833
977,1.363357,4,1332,0.995833
978,1.361963,4,1332,0.995833
979,1.360572,4,1332,0.995833
980,1.363265,4,1336,0.995833
981,1.361876,4,1336,0.995833
982,1.360489,4,1336,0.995833
983,1.359105,4,1336,0.995833
984,1.361789,4,1340,0.995833
985,1.360406,4,1340,0.995833
986,1.359026,4,1340,0.995833
987,1.361702,4,1344,0.995833
988,1.360324,4,1344,0.995833
989,1.362993,4,1348,0.995833
990,1.361616,4,1348,0.995833
991,1.360242,4,1348,0.995833
992,1.358871,4,1348,0.995833
993,1.361531,4,1352,0.995833
994,1.360161,4,1352,0.995833
995,1.362814,4,1356,0.995833
996,1.35743,4,1352,0.995833
997,1.36008,4,1356,0.995833
998,1.362725,4,1360,0.995833
999,1.361361,4,1360,0.995833
1000,1.36,4,1360,0.995833
